employeekey,employeeid,salesperson,title,upn,actual_sales,actual_cost,total_quantity,target_value,target_achievement_pct,variance
286,61161660,Pamela Ansman-Wolfe,Sales Representative,pamela-ansman-wolfe@adventureworks.com,,,6987,,,
286,61161660,Pamela Ansman-Wolfe,Sales Representative,pamela-ansman-wolfe@adventureworks.com,,,6987,,,
286,61161660,Pamela Ansman-Wolfe,Sales Representative,pamela-ansman-wolfe@adventureworks.com,,,6987,,,
286,61161660,Pamela Ansman-Wolfe,Sales Representative,pamela-ansman-wolfe@adventureworks.com,,,6987,,,
286,61161660,Pamela Ansman-Wolfe,Sales Representative,pamela-ansman-wolfe@adventureworks.com,,,6987,,,
286,61161660,Pamela Ansman-Wolfe,Sales Representative,pamela-ansman-wolfe@adventureworks.com,,,6987,,,
286,61161660,Pamela Ansman-Wolfe,Sales Representative,pamela-ansman-wolfe@adventureworks.com,,,6987,,,
286,61161660,Pamela Ansman-Wolfe,Sales Representative,pamela-ansman-wolfe@adventureworks.com,,,6987,,,
286,61161660,Pamela Ansman-Wolfe,Sales Representative,pamela-ansman-wolfe@adventureworks.com,,,6987,,,
286,61161660,Pamela Ansman-Wolfe,Sales Representative,pamela-ansman-wolfe@adventureworks.com,,,6987,,,
286,61161660,Pamela Ansman-Wolfe,Sales Representative,pamela-ansman-wolfe@adventureworks.com,,,6987,,,
286,61161660,Pamela Ansman-Wolfe,Sales Representative,pamela-ansman-wolfe@adventureworks.com,,,6987,,,
286,61161660,Pamela Ansman-Wolfe,Sales Representative,pamela-ansman-wolfe@adventureworks.com,,,6987,,,
286,61161660,Pamela Ansman-Wolfe,Sales Representative,pamela-ansman-wolfe@adventureworks.com,,,6987,,,
286,61161660,Pamela Ansman-Wolfe,Sales Representative,pamela-ansman-wolfe@adventureworks.com,,,6987,,,
286,61161660,Pamela Ansman-Wolfe,Sales Representative,pamela-ansman-wolfe@adventureworks.com,,,6987,,,
286,61161660,Pamela Ansman-Wolfe,Sales Representative,pamela-ansman-wolfe@adventureworks.com,,,6987,,,
286,61161660,Pamela Ansman-Wolfe,Sales Representative,pamela-ansman-wolfe@adventureworks.com,,,6987,,,
286,61161660,Pamela Ansman-Wolfe,Sales Representative,pamela-ansman-wolfe@adventureworks.com,,,6987,,,
286,61161660,Pamela Ansman-Wolfe,Sales Representative,pamela-ansman-wolfe@adventureworks.com,,,6987,,,
286,61161660,Pamela Ansman-Wolfe,Sales Representative,pamela-ansman-wolfe@adventureworks.com,,,6987,,,
286,61161660,Pamela Ansman-Wolfe,Sales Representative,pamela-ansman-wolfe@adventureworks.com,,,6987,,,
286,61161660,Pamela Ansman-Wolfe,Sales Representative,pamela-ansman-wolfe@adventureworks.com,,,6987,,,
286,61161660,Pamela Ansman-Wolfe,Sales Representative,pamela-ansman-wolfe@adventureworks.com,,,6987,,,
286,61161660,Pamela Ansman-Wolfe,Sales Representative,pamela-ansman-wolfe@adventureworks.com,,,6987,,,
286,61161660,Pamela Ansman-Wolfe,Sales Representative,pamela-ansman-wolfe@adventureworks.com,,,6987,,,
286,61161660,Pamela Ansman-Wolfe,Sales Representative,pamela-ansman-wolfe@adventureworks.com,,,6987,,,
286,61161660,Pamela Ansman-Wolfe,Sales Representative,pamela-ansman-wolfe@adventureworks.com,,,6987,,,
286,61161660,Pamela Ansman-Wolfe,Sales Representative,pamela-ansman-wolfe@adventureworks.com,,,6987,,,
286,61161660,Pamela Ansman-Wolfe,Sales Representative,pamela-ansman-wolfe@adventureworks.com,,,6987,,,
286,61161660,Pamela Ansman-Wolfe,Sales Representative,pamela-ansman-wolfe@adventureworks.com,,,6987,,,
286,61161660,Pamela Ansman-Wolfe,Sales Representative,pamela-ansman-wolfe@adventureworks.com,,,6987,,,
286,61161660,Pamela Ansman-Wolfe,Sales Representative,pamela-ansman-wolfe@adventureworks.com,,,6987,,,
286,61161660,Pamela Ansman-Wolfe,Sales Representative,pamela-ansman-wolfe@adventureworks.com,,,6987,,,
286,61161660,Pamela Ansman-Wolfe,Sales Representative,pamela-ansman-wolfe@adventureworks.com,,,6987,,,
286,61161660,Pamela Ansman-Wolfe,Sales Representative,pamela-ansman-wolfe@adventureworks.com,,,6987,,,
286,61161660,Pamela Ansman-Wolfe,Sales Representative,pamela-ansman-wolfe@adventureworks.com,,,6987,,,
286,61161660,Pamela Ansman-Wolfe,Sales Representative,pamela-ansman-wolfe@adventureworks.com,,,6987,,,
286,61161660,Pamela Ansman-Wolfe,Sales Representative,pamela-ansman-wolfe@adventureworks.com,,,6987,,,
286,61161660,Pamela Ansman-Wolfe,Sales Representative,pamela-ansman-wolfe@adventureworks.com,,,6987,,,
286,61161660,Pamela Ansman-Wolfe,Sales Representative,pamela-ansman-wolfe@adventureworks.com,,,6987,,,
286,61161660,Pamela Ansman-Wolfe,Sales Representative,pamela-ansman-wolfe@adventureworks.com,,,6987,,,
286,61161660,Pamela Ansman-Wolfe,Sales Representative,pamela-ansman-wolfe@adventureworks.com,,,6987,,,
286,61161660,Pamela Ansman-Wolfe,Sales Representative,pamela-ansman-wolfe@adventureworks.com,,,6987,,,
286,61161660,Pamela Ansman-Wolfe,Sales Representative,pamela-ansman-wolfe@adventureworks.com,,,6987,,,
286,61161660,Pamela Ansman-Wolfe,Sales Representative,pamela-ansman-wolfe@adventureworks.com,,,6987,,,
286,61161660,Pamela Ansman-Wolfe,Sales Representative,pamela-ansman-wolfe@adventureworks.com,,,6987,,,
286,61161660,Pamela Ansman-Wolfe,Sales Representative,pamela-ansman-wolfe@adventureworks.com,,,6987,,,
286,61161660,Pamela Ansman-Wolfe,Sales Representative,pamela-ansman-wolfe@adventureworks.com,,,6987,,,
286,61161660,Pamela Ansman-Wolfe,Sales Representative,pamela-ansman-wolfe@adventureworks.com,,,6987,,,
286,61161660,Pamela Ansman-Wolfe,Sales Representative,pamela-ansman-wolfe@adventureworks.com,,,6987,,,
286,61161660,Pamela Ansman-Wolfe,Sales Representative,pamela-ansman-wolfe@adventureworks.com,,,6987,,,
286,61161660,Pamela Ansman-Wolfe,Sales Representative,pamela-ansman-wolfe@adventureworks.com,,,6987,,,
286,61161660,Pamela Ansman-Wolfe,Sales Representative,pamela-ansman-wolfe@adventureworks.com,,,6987,,,
287,139397894,Shu Ito,Sales Representative,shu-ito@adventureworks.com,,,14943,,,
287,139397894,Shu Ito,Sales Representative,shu-ito@adventureworks.com,,,14943,,,
287,139397894,Shu Ito,Sales Representative,shu-ito@adventureworks.com,,,14943,,,
287,139397894,Shu Ito,Sales Representative,shu-ito@adventureworks.com,,,14943,,,
287,139397894,Shu Ito,Sales Representative,shu-ito@adventureworks.com,,,14943,,,
287,139397894,Shu Ito,Sales Representative,shu-ito@adventureworks.com,,,14943,,,
287,139397894,Shu Ito,Sales Representative,shu-ito@adventureworks.com,,,14943,,,
287,139397894,Shu Ito,Sales Representative,shu-ito@adventureworks.com,,,14943,,,
287,139397894,Shu Ito,Sales Representative,shu-ito@adventureworks.com,,,14943,,,
287,139397894,Shu Ito,Sales Representative,shu-ito@adventureworks.com,,,14943,,,
287,139397894,Shu Ito,Sales Representative,shu-ito@adventureworks.com,,,14943,,,
287,139397894,Shu Ito,Sales Representative,shu-ito@adventureworks.com,,,14943,,,
287,139397894,Shu Ito,Sales Representative,shu-ito@adventureworks.com,,,14943,,,
287,139397894,Shu Ito,Sales Representative,shu-ito@adventureworks.com,,,14943,,,
287,139397894,Shu Ito,Sales Representative,shu-ito@adventureworks.com,,,14943,,,
287,139397894,Shu Ito,Sales Representative,shu-ito@adventureworks.com,,,14943,,,
287,139397894,Shu Ito,Sales Representative,shu-ito@adventureworks.com,,,14943,,,
287,139397894,Shu Ito,Sales Representative,shu-ito@adventureworks.com,,,14943,,,
287,139397894,Shu Ito,Sales Representative,shu-ito@adventureworks.com,,,14943,,,
287,139397894,Shu Ito,Sales Representative,shu-ito@adventureworks.com,,,14943,,,
287,139397894,Shu Ito,Sales Representative,shu-ito@adventureworks.com,,,14943,,,
287,139397894,Shu Ito,Sales Representative,shu-ito@adventureworks.com,,,14943,,,
287,139397894,Shu Ito,Sales Representative,shu-ito@adventureworks.com,,,14943,,,
287,139397894,Shu Ito,Sales Representative,shu-ito@adventureworks.com,,,14943,,,
287,139397894,Shu Ito,Sales Representative,shu-ito@adventureworks.com,,,14943,,,
287,139397894,Shu Ito,Sales Representative,shu-ito@adventureworks.com,,,14943,,,
287,139397894,Shu Ito,Sales Representative,shu-ito@adventureworks.com,,,14943,,,
287,139397894,Shu Ito,Sales Representative,shu-ito@adventureworks.com,,,14943,,,
287,139397894,Shu Ito,Sales Representative,shu-ito@adventureworks.com,,,14943,,,
287,139397894,Shu Ito,Sales Representative,shu-ito@adventureworks.com,,,14943,,,
287,139397894,Shu Ito,Sales Representative,shu-ito@adventureworks.com,,,14943,,,
287,139397894,Shu Ito,Sales Representative,shu-ito@adventureworks.com,,,14943,,,
287,139397894,Shu Ito,Sales Representative,shu-ito@adventureworks.com,,,14943,,,
287,139397894,Shu Ito,Sales Representative,shu-ito@adventureworks.com,,,14943,,,
287,139397894,Shu Ito,Sales Representative,shu-ito@adventureworks.com,,,14943,,,
287,139397894,Shu Ito,Sales Representative,shu-ito@adventureworks.com,,,14943,,,
287,139397894,Shu Ito,Sales Representative,shu-ito@adventureworks.com,,,14943,,,
287,139397894,Shu Ito,Sales Representative,shu-ito@adventureworks.com,,,14943,,,
287,139397894,Shu Ito,Sales Representative,shu-ito@adventureworks.com,,,14943,,,
287,139397894,Shu Ito,Sales Representative,shu-ito@adventureworks.com,,,14943,,,
287,139397894,Shu Ito,Sales Representative,shu-ito@adventureworks.com,,,14943,,,
287,139397894,Shu Ito,Sales Representative,shu-ito@adventureworks.com,,,14943,,,
287,139397894,Shu Ito,Sales Representative,shu-ito@adventureworks.com,,,14943,,,
287,139397894,Shu Ito,Sales Representative,shu-ito@adventureworks.com,,,14943,,,
287,139397894,Shu Ito,Sales Representative,shu-ito@adventureworks.com,,,14943,,,
287,139397894,Shu Ito,Sales Representative,shu-ito@adventureworks.com,,,14943,,,
287,139397894,Shu Ito,Sales Representative,shu-ito@adventureworks.com,,,14943,,,
287,139397894,Shu Ito,Sales Representative,shu-ito@adventureworks.com,,,14943,,,
287,139397894,Shu Ito,Sales Representative,shu-ito@adventureworks.com,,,14943,,,
287,139397894,Shu Ito,Sales Representative,shu-ito@adventureworks.com,,,14943,,,
287,139397894,Shu Ito,Sales Representative,shu-ito@adventureworks.com,,,14943,,,
287,139397894,Shu Ito,Sales Representative,shu-ito@adventureworks.com,,,14943,,,
287,139397894,Shu Ito,Sales Representative,shu-ito@adventureworks.com,,,14943,,,
287,139397894,Shu Ito,Sales Representative,shu-ito@adventureworks.com,,,14943,,,
288,399771412,José Saraiva,Sales Representative,jose-saraiva@adventureworks.com,,,14048,,,
288,399771412,José Saraiva,Sales Representative,jose-saraiva@adventureworks.com,,,14048,,,
288,399771412,José Saraiva,Sales Representative,jose-saraiva@adventureworks.com,,,14048,,,
288,399771412,José Saraiva,Sales Representative,jose-saraiva@adventureworks.com,,,14048,,,
288,399771412,José Saraiva,Sales Representative,jose-saraiva@adventureworks.com,,,14048,,,
288,399771412,José Saraiva,Sales Representative,jose-saraiva@adventureworks.com,,,14048,,,
288,399771412,José Saraiva,Sales Representative,jose-saraiva@adventureworks.com,,,14048,,,
288,399771412,José Saraiva,Sales Representative,jose-saraiva@adventureworks.com,,,14048,,,
288,399771412,José Saraiva,Sales Representative,jose-saraiva@adventureworks.com,,,14048,,,
288,399771412,José Saraiva,Sales Representative,jose-saraiva@adventureworks.com,,,14048,,,
288,399771412,José Saraiva,Sales Representative,jose-saraiva@adventureworks.com,,,14048,,,
288,399771412,José Saraiva,Sales Representative,jose-saraiva@adventureworks.com,,,14048,,,
288,399771412,José Saraiva,Sales Representative,jose-saraiva@adventureworks.com,,,14048,,,
288,399771412,José Saraiva,Sales Representative,jose-saraiva@adventureworks.com,,,14048,,,
288,399771412,José Saraiva,Sales Representative,jose-saraiva@adventureworks.com,,,14048,,,
288,399771412,José Saraiva,Sales Representative,jose-saraiva@adventureworks.com,,,14048,,,
288,399771412,José Saraiva,Sales Representative,jose-saraiva@adventureworks.com,,,14048,,,
288,399771412,José Saraiva,Sales Representative,jose-saraiva@adventureworks.com,,,14048,,,
288,399771412,José Saraiva,Sales Representative,jose-saraiva@adventureworks.com,,,14048,,,
288,399771412,José Saraiva,Sales Representative,jose-saraiva@adventureworks.com,,,14048,,,
288,399771412,José Saraiva,Sales Representative,jose-saraiva@adventureworks.com,,,14048,,,
288,399771412,José Saraiva,Sales Representative,jose-saraiva@adventureworks.com,,,14048,,,
288,399771412,José Saraiva,Sales Representative,jose-saraiva@adventureworks.com,,,14048,,,
288,399771412,José Saraiva,Sales Representative,jose-saraiva@adventureworks.com,,,14048,,,
288,399771412,José Saraiva,Sales Representative,jose-saraiva@adventureworks.com,,,14048,,,
288,399771412,José Saraiva,Sales Representative,jose-saraiva@adventureworks.com,,,14048,,,
288,399771412,José Saraiva,Sales Representative,jose-saraiva@adventureworks.com,,,14048,,,
288,399771412,José Saraiva,Sales Representative,jose-saraiva@adventureworks.com,,,14048,,,
288,399771412,José Saraiva,Sales Representative,jose-saraiva@adventureworks.com,,,14048,,,
288,399771412,José Saraiva,Sales Representative,jose-saraiva@adventureworks.com,,,14048,,,
288,399771412,José Saraiva,Sales Representative,jose-saraiva@adventureworks.com,,,14048,,,
288,399771412,José Saraiva,Sales Representative,jose-saraiva@adventureworks.com,,,14048,,,
288,399771412,José Saraiva,Sales Representative,jose-saraiva@adventureworks.com,,,14048,,,
288,399771412,José Saraiva,Sales Representative,jose-saraiva@adventureworks.com,,,14048,,,
288,399771412,José Saraiva,Sales Representative,jose-saraiva@adventureworks.com,,,14048,,,
288,399771412,José Saraiva,Sales Representative,jose-saraiva@adventureworks.com,,,14048,,,
288,399771412,José Saraiva,Sales Representative,jose-saraiva@adventureworks.com,,,14048,,,
288,399771412,José Saraiva,Sales Representative,jose-saraiva@adventureworks.com,,,14048,,,
288,399771412,José Saraiva,Sales Representative,jose-saraiva@adventureworks.com,,,14048,,,
288,399771412,José Saraiva,Sales Representative,jose-saraiva@adventureworks.com,,,14048,,,
288,399771412,José Saraiva,Sales Representative,jose-saraiva@adventureworks.com,,,14048,,,
288,399771412,José Saraiva,Sales Representative,jose-saraiva@adventureworks.com,,,14048,,,
288,399771412,José Saraiva,Sales Representative,jose-saraiva@adventureworks.com,,,14048,,,
288,399771412,José Saraiva,Sales Representative,jose-saraiva@adventureworks.com,,,14048,,,
288,399771412,José Saraiva,Sales Representative,jose-saraiva@adventureworks.com,,,14048,,,
288,399771412,José Saraiva,Sales Representative,jose-saraiva@adventureworks.com,,,14048,,,
288,399771412,José Saraiva,Sales Representative,jose-saraiva@adventureworks.com,,,14048,,,
288,399771412,José Saraiva,Sales Representative,jose-saraiva@adventureworks.com,,,14048,,,
289,987554265,David Campbell,Sales Representative,david-campbell@adventureworks.com,,,7866,,,
289,987554265,David Campbell,Sales Representative,david-campbell@adventureworks.com,,,7866,,,
289,987554265,David Campbell,Sales Representative,david-campbell@adventureworks.com,,,7866,,,
289,987554265,David Campbell,Sales Representative,david-campbell@adventureworks.com,,,7866,,,
289,987554265,David Campbell,Sales Representative,david-campbell@adventureworks.com,,,7866,,,
289,987554265,David Campbell,Sales Representative,david-campbell@adventureworks.com,,,7866,,,
289,987554265,David Campbell,Sales Representative,david-campbell@adventureworks.com,,,7866,,,
289,987554265,David Campbell,Sales Representative,david-campbell@adventureworks.com,,,7866,,,
289,987554265,David Campbell,Sales Representative,david-campbell@adventureworks.com,,,7866,,,
289,987554265,David Campbell,Sales Representative,david-campbell@adventureworks.com,,,7866,,,
289,987554265,David Campbell,Sales Representative,david-campbell@adventureworks.com,,,7866,,,
289,987554265,David Campbell,Sales Representative,david-campbell@adventureworks.com,,,7866,,,
289,987554265,David Campbell,Sales Representative,david-campbell@adventureworks.com,,,7866,,,
289,987554265,David Campbell,Sales Representative,david-campbell@adventureworks.com,,,7866,,,
289,987554265,David Campbell,Sales Representative,david-campbell@adventureworks.com,,,7866,,,
289,987554265,David Campbell,Sales Representative,david-campbell@adventureworks.com,,,7866,,,
289,987554265,David Campbell,Sales Representative,david-campbell@adventureworks.com,,,7866,,,
289,987554265,David Campbell,Sales Representative,david-campbell@adventureworks.com,,,7866,,,
289,987554265,David Campbell,Sales Representative,david-campbell@adventureworks.com,,,7866,,,
289,987554265,David Campbell,Sales Representative,david-campbell@adventureworks.com,,,7866,,,
289,987554265,David Campbell,Sales Representative,david-campbell@adventureworks.com,,,7866,,,
289,987554265,David Campbell,Sales Representative,david-campbell@adventureworks.com,,,7866,,,
289,987554265,David Campbell,Sales Representative,david-campbell@adventureworks.com,,,7866,,,
289,987554265,David Campbell,Sales Representative,david-campbell@adventureworks.com,,,7866,,,
289,987554265,David Campbell,Sales Representative,david-campbell@adventureworks.com,,,7866,,,
289,987554265,David Campbell,Sales Representative,david-campbell@adventureworks.com,,,7866,,,
289,987554265,David Campbell,Sales Representative,david-campbell@adventureworks.com,,,7866,,,
289,987554265,David Campbell,Sales Representative,david-campbell@adventureworks.com,,,7866,,,
289,987554265,David Campbell,Sales Representative,david-campbell@adventureworks.com,,,7866,,,
289,987554265,David Campbell,Sales Representative,david-campbell@adventureworks.com,,,7866,,,
289,987554265,David Campbell,Sales Representative,david-campbell@adventureworks.com,,,7866,,,
289,987554265,David Campbell,Sales Representative,david-campbell@adventureworks.com,,,7866,,,
289,987554265,David Campbell,Sales Representative,david-campbell@adventureworks.com,,,7866,,,
289,987554265,David Campbell,Sales Representative,david-campbell@adventureworks.com,,,7866,,,
289,987554265,David Campbell,Sales Representative,david-campbell@adventureworks.com,,,7866,,,
289,987554265,David Campbell,Sales Representative,david-campbell@adventureworks.com,,,7866,,,
289,987554265,David Campbell,Sales Representative,david-campbell@adventureworks.com,,,7866,,,
289,987554265,David Campbell,Sales Representative,david-campbell@adventureworks.com,,,7866,,,
289,987554265,David Campbell,Sales Representative,david-campbell@adventureworks.com,,,7866,,,
289,987554265,David Campbell,Sales Representative,david-campbell@adventureworks.com,,,7866,,,
289,987554265,David Campbell,Sales Representative,david-campbell@adventureworks.com,,,7866,,,
289,987554265,David Campbell,Sales Representative,david-campbell@adventureworks.com,,,7866,,,
289,987554265,David Campbell,Sales Representative,david-campbell@adventureworks.com,,,7866,,,
289,987554265,David Campbell,Sales Representative,david-campbell@adventureworks.com,,,7866,,,
289,987554265,David Campbell,Sales Representative,david-campbell@adventureworks.com,,,7866,,,
289,987554265,David Campbell,Sales Representative,david-campbell@adventureworks.com,,,7866,,,
289,987554265,David Campbell,Sales Representative,david-campbell@adventureworks.com,,,7866,,,
289,987554265,David Campbell,Sales Representative,david-campbell@adventureworks.com,,,7866,,,
290,982310417,Amy Alberts,European Sales Manager,amy-alberts@adventureworks.com,,,2009,,,
290,982310417,Amy Alberts,European Sales Manager,amy-alberts@adventureworks.com,,,2009,,,
290,982310417,Amy Alberts,European Sales Manager,amy-alberts@adventureworks.com,,,2009,,,
290,982310417,Amy Alberts,European Sales Manager,amy-alberts@adventureworks.com,,,2009,,,
290,982310417,Amy Alberts,European Sales Manager,amy-alberts@adventureworks.com,,,2009,,,
290,982310417,Amy Alberts,European Sales Manager,amy-alberts@adventureworks.com,,,2009,,,
290,982310417,Amy Alberts,European Sales Manager,amy-alberts@adventureworks.com,,,2009,,,
290,982310417,Amy Alberts,European Sales Manager,amy-alberts@adventureworks.com,,,2009,,,
290,982310417,Amy Alberts,European Sales Manager,amy-alberts@adventureworks.com,,,2009,,,
290,982310417,Amy Alberts,European Sales Manager,amy-alberts@adventureworks.com,,,2009,,,
290,982310417,Amy Alberts,European Sales Manager,amy-alberts@adventureworks.com,,,2009,,,
290,982310417,Amy Alberts,European Sales Manager,amy-alberts@adventureworks.com,,,2009,,,
290,982310417,Amy Alberts,European Sales Manager,amy-alberts@adventureworks.com,,,2009,,,
290,982310417,Amy Alberts,European Sales Manager,amy-alberts@adventureworks.com,,,2009,,,
290,982310417,Amy Alberts,European Sales Manager,amy-alberts@adventureworks.com,,,2009,,,
290,982310417,Amy Alberts,European Sales Manager,amy-alberts@adventureworks.com,,,2009,,,
290,982310417,Amy Alberts,European Sales Manager,amy-alberts@adventureworks.com,,,2009,,,
290,982310417,Amy Alberts,European Sales Manager,amy-alberts@adventureworks.com,,,2009,,,
290,982310417,Amy Alberts,European Sales Manager,amy-alberts@adventureworks.com,,,2009,,,
290,982310417,Amy Alberts,European Sales Manager,amy-alberts@adventureworks.com,,,2009,,,
290,982310417,Amy Alberts,European Sales Manager,amy-alberts@adventureworks.com,,,2009,,,
290,982310417,Amy Alberts,European Sales Manager,amy-alberts@adventureworks.com,,,2009,,,
290,982310417,Amy Alberts,European Sales Manager,amy-alberts@adventureworks.com,,,2009,,,
290,982310417,Amy Alberts,European Sales Manager,amy-alberts@adventureworks.com,,,2009,,,
290,982310417,Amy Alberts,European Sales Manager,amy-alberts@adventureworks.com,,,2009,,,
290,982310417,Amy Alberts,European Sales Manager,amy-alberts@adventureworks.com,,,2009,,,
290,982310417,Amy Alberts,European Sales Manager,amy-alberts@adventureworks.com,,,2009,,,
290,982310417,Amy Alberts,European Sales Manager,amy-alberts@adventureworks.com,,,2009,,,
290,982310417,Amy Alberts,European Sales Manager,amy-alberts@adventureworks.com,,,2009,,,
290,982310417,Amy Alberts,European Sales Manager,amy-alberts@adventureworks.com,,,2009,,,
290,982310417,Amy Alberts,European Sales Manager,amy-alberts@adventureworks.com,,,2009,,,
290,982310417,Amy Alberts,European Sales Manager,amy-alberts@adventureworks.com,,,2009,,,
290,982310417,Amy Alberts,European Sales Manager,amy-alberts@adventureworks.com,,,2009,,,
290,982310417,Amy Alberts,European Sales Manager,amy-alberts@adventureworks.com,,,2009,,,
290,982310417,Amy Alberts,European Sales Manager,amy-alberts@adventureworks.com,,,2009,,,
290,982310417,Amy Alberts,European Sales Manager,amy-alberts@adventureworks.com,,,2009,,,
291,668991357,Jae Pak,Sales Representative,jae-pak@adventureworks.com,,,24697,,,
291,668991357,Jae Pak,Sales Representative,jae-pak@adventureworks.com,,,24697,,,
291,668991357,Jae Pak,Sales Representative,jae-pak@adventureworks.com,,,24697,,,
291,668991357,Jae Pak,Sales Representative,jae-pak@adventureworks.com,,,24697,,,
291,668991357,Jae Pak,Sales Representative,jae-pak@adventureworks.com,,,24697,,,
291,668991357,Jae Pak,Sales Representative,jae-pak@adventureworks.com,,,24697,,,
291,668991357,Jae Pak,Sales Representative,jae-pak@adventureworks.com,,,24697,,,
291,668991357,Jae Pak,Sales Representative,jae-pak@adventureworks.com,,,24697,,,
291,668991357,Jae Pak,Sales Representative,jae-pak@adventureworks.com,,,24697,,,
291,668991357,Jae Pak,Sales Representative,jae-pak@adventureworks.com,,,24697,,,
291,668991357,Jae Pak,Sales Representative,jae-pak@adventureworks.com,,,24697,,,
291,668991357,Jae Pak,Sales Representative,jae-pak@adventureworks.com,,,24697,,,
291,668991357,Jae Pak,Sales Representative,jae-pak@adventureworks.com,,,24697,,,
291,668991357,Jae Pak,Sales Representative,jae-pak@adventureworks.com,,,24697,,,
291,668991357,Jae Pak,Sales Representative,jae-pak@adventureworks.com,,,24697,,,
291,668991357,Jae Pak,Sales Representative,jae-pak@adventureworks.com,,,24697,,,
291,668991357,Jae Pak,Sales Representative,jae-pak@adventureworks.com,,,24697,,,
291,668991357,Jae Pak,Sales Representative,jae-pak@adventureworks.com,,,24697,,,
291,668991357,Jae Pak,Sales Representative,jae-pak@adventureworks.com,,,24697,,,
291,668991357,Jae Pak,Sales Representative,jae-pak@adventureworks.com,,,24697,,,
291,668991357,Jae Pak,Sales Representative,jae-pak@adventureworks.com,,,24697,,,
291,668991357,Jae Pak,Sales Representative,jae-pak@adventureworks.com,,,24697,,,
291,668991357,Jae Pak,Sales Representative,jae-pak@adventureworks.com,,,24697,,,
291,668991357,Jae Pak,Sales Representative,jae-pak@adventureworks.com,,,24697,,,
291,668991357,Jae Pak,Sales Representative,jae-pak@adventureworks.com,,,24697,,,
291,668991357,Jae Pak,Sales Representative,jae-pak@adventureworks.com,,,24697,,,
291,668991357,Jae Pak,Sales Representative,jae-pak@adventureworks.com,,,24697,,,
291,668991357,Jae Pak,Sales Representative,jae-pak@adventureworks.com,,,24697,,,
291,668991357,Jae Pak,Sales Representative,jae-pak@adventureworks.com,,,24697,,,
291,668991357,Jae Pak,Sales Representative,jae-pak@adventureworks.com,,,24697,,,
291,668991357,Jae Pak,Sales Representative,jae-pak@adventureworks.com,,,24697,,,
291,668991357,Jae Pak,Sales Representative,jae-pak@adventureworks.com,,,24697,,,
291,668991357,Jae Pak,Sales Representative,jae-pak@adventureworks.com,,,24697,,,
291,668991357,Jae Pak,Sales Representative,jae-pak@adventureworks.com,,,24697,,,
291,668991357,Jae Pak,Sales Representative,jae-pak@adventureworks.com,,,24697,,,
291,668991357,Jae Pak,Sales Representative,jae-pak@adventureworks.com,,,24697,,,
292,134219713,Ranjit Varkey Chudukatil,Sales Representative,ranjit-varkey-chudukatil@adventureworks.com,,,13640,,,
292,134219713,Ranjit Varkey Chudukatil,Sales Representative,ranjit-varkey-chudukatil@adventureworks.com,,,13640,,,
292,134219713,Ranjit Varkey Chudukatil,Sales Representative,ranjit-varkey-chudukatil@adventureworks.com,,,13640,,,
292,134219713,Ranjit Varkey Chudukatil,Sales Representative,ranjit-varkey-chudukatil@adventureworks.com,,,13640,,,
292,134219713,Ranjit Varkey Chudukatil,Sales Representative,ranjit-varkey-chudukatil@adventureworks.com,,,13640,,,
292,134219713,Ranjit Varkey Chudukatil,Sales Representative,ranjit-varkey-chudukatil@adventureworks.com,,,13640,,,
292,134219713,Ranjit Varkey Chudukatil,Sales Representative,ranjit-varkey-chudukatil@adventureworks.com,,,13640,,,
292,134219713,Ranjit Varkey Chudukatil,Sales Representative,ranjit-varkey-chudukatil@adventureworks.com,,,13640,,,
292,134219713,Ranjit Varkey Chudukatil,Sales Representative,ranjit-varkey-chudukatil@adventureworks.com,,,13640,,,
292,134219713,Ranjit Varkey Chudukatil,Sales Representative,ranjit-varkey-chudukatil@adventureworks.com,,,13640,,,
292,134219713,Ranjit Varkey Chudukatil,Sales Representative,ranjit-varkey-chudukatil@adventureworks.com,,,13640,,,
292,134219713,Ranjit Varkey Chudukatil,Sales Representative,ranjit-varkey-chudukatil@adventureworks.com,,,13640,,,
292,134219713,Ranjit Varkey Chudukatil,Sales Representative,ranjit-varkey-chudukatil@adventureworks.com,,,13640,,,
292,134219713,Ranjit Varkey Chudukatil,Sales Representative,ranjit-varkey-chudukatil@adventureworks.com,,,13640,,,
292,134219713,Ranjit Varkey Chudukatil,Sales Representative,ranjit-varkey-chudukatil@adventureworks.com,,,13640,,,
292,134219713,Ranjit Varkey Chudukatil,Sales Representative,ranjit-varkey-chudukatil@adventureworks.com,,,13640,,,
292,134219713,Ranjit Varkey Chudukatil,Sales Representative,ranjit-varkey-chudukatil@adventureworks.com,,,13640,,,
292,134219713,Ranjit Varkey Chudukatil,Sales Representative,ranjit-varkey-chudukatil@adventureworks.com,,,13640,,,
292,134219713,Ranjit Varkey Chudukatil,Sales Representative,ranjit-varkey-chudukatil@adventureworks.com,,,13640,,,
292,134219713,Ranjit Varkey Chudukatil,Sales Representative,ranjit-varkey-chudukatil@adventureworks.com,,,13640,,,
292,134219713,Ranjit Varkey Chudukatil,Sales Representative,ranjit-varkey-chudukatil@adventureworks.com,,,13640,,,
292,134219713,Ranjit Varkey Chudukatil,Sales Representative,ranjit-varkey-chudukatil@adventureworks.com,,,13640,,,
292,134219713,Ranjit Varkey Chudukatil,Sales Representative,ranjit-varkey-chudukatil@adventureworks.com,,,13640,,,
292,134219713,Ranjit Varkey Chudukatil,Sales Representative,ranjit-varkey-chudukatil@adventureworks.com,,,13640,,,
292,134219713,Ranjit Varkey Chudukatil,Sales Representative,ranjit-varkey-chudukatil@adventureworks.com,,,13640,,,
292,134219713,Ranjit Varkey Chudukatil,Sales Representative,ranjit-varkey-chudukatil@adventureworks.com,,,13640,,,
292,134219713,Ranjit Varkey Chudukatil,Sales Representative,ranjit-varkey-chudukatil@adventureworks.com,,,13640,,,
292,134219713,Ranjit Varkey Chudukatil,Sales Representative,ranjit-varkey-chudukatil@adventureworks.com,,,13640,,,
292,134219713,Ranjit Varkey Chudukatil,Sales Representative,ranjit-varkey-chudukatil@adventureworks.com,,,13640,,,
292,134219713,Ranjit Varkey Chudukatil,Sales Representative,ranjit-varkey-chudukatil@adventureworks.com,,,13640,,,
292,134219713,Ranjit Varkey Chudukatil,Sales Representative,ranjit-varkey-chudukatil@adventureworks.com,,,13640,,,
292,134219713,Ranjit Varkey Chudukatil,Sales Representative,ranjit-varkey-chudukatil@adventureworks.com,,,13640,,,
292,134219713,Ranjit Varkey Chudukatil,Sales Representative,ranjit-varkey-chudukatil@adventureworks.com,,,13640,,,
292,134219713,Ranjit Varkey Chudukatil,Sales Representative,ranjit-varkey-chudukatil@adventureworks.com,,,13640,,,
292,134219713,Ranjit Varkey Chudukatil,Sales Representative,ranjit-varkey-chudukatil@adventureworks.com,,,13640,,,
292,134219713,Ranjit Varkey Chudukatil,Sales Representative,ranjit-varkey-chudukatil@adventureworks.com,,,13640,,,
293,90836195,Tete Mensa-Annan,Sales Representative,tete-mensa-annan@adventureworks.com,,,5273,,,
293,90836195,Tete Mensa-Annan,Sales Representative,tete-mensa-annan@adventureworks.com,,,5273,,,
293,90836195,Tete Mensa-Annan,Sales Representative,tete-mensa-annan@adventureworks.com,,,5273,,,
293,90836195,Tete Mensa-Annan,Sales Representative,tete-mensa-annan@adventureworks.com,,,5273,,,
293,90836195,Tete Mensa-Annan,Sales Representative,tete-mensa-annan@adventureworks.com,,,5273,,,
293,90836195,Tete Mensa-Annan,Sales Representative,tete-mensa-annan@adventureworks.com,,,5273,,,
293,90836195,Tete Mensa-Annan,Sales Representative,tete-mensa-annan@adventureworks.com,,,5273,,,
293,90836195,Tete Mensa-Annan,Sales Representative,tete-mensa-annan@adventureworks.com,,,5273,,,
293,90836195,Tete Mensa-Annan,Sales Representative,tete-mensa-annan@adventureworks.com,,,5273,,,
293,90836195,Tete Mensa-Annan,Sales Representative,tete-mensa-annan@adventureworks.com,,,5273,,,
293,90836195,Tete Mensa-Annan,Sales Representative,tete-mensa-annan@adventureworks.com,,,5273,,,
293,90836195,Tete Mensa-Annan,Sales Representative,tete-mensa-annan@adventureworks.com,,,5273,,,
293,90836195,Tete Mensa-Annan,Sales Representative,tete-mensa-annan@adventureworks.com,,,5273,,,
293,90836195,Tete Mensa-Annan,Sales Representative,tete-mensa-annan@adventureworks.com,,,5273,,,
293,90836195,Tete Mensa-Annan,Sales Representative,tete-mensa-annan@adventureworks.com,,,5273,,,
293,90836195,Tete Mensa-Annan,Sales Representative,tete-mensa-annan@adventureworks.com,,,5273,,,
293,90836195,Tete Mensa-Annan,Sales Representative,tete-mensa-annan@adventureworks.com,,,5273,,,
293,90836195,Tete Mensa-Annan,Sales Representative,tete-mensa-annan@adventureworks.com,,,5273,,,
293,90836195,Tete Mensa-Annan,Sales Representative,tete-mensa-annan@adventureworks.com,,,5273,,,
293,90836195,Tete Mensa-Annan,Sales Representative,tete-mensa-annan@adventureworks.com,,,5273,,,
293,90836195,Tete Mensa-Annan,Sales Representative,tete-mensa-annan@adventureworks.com,,,5273,,,
293,90836195,Tete Mensa-Annan,Sales Representative,tete-mensa-annan@adventureworks.com,,,5273,,,
293,90836195,Tete Mensa-Annan,Sales Representative,tete-mensa-annan@adventureworks.com,,,5273,,,
293,90836195,Tete Mensa-Annan,Sales Representative,tete-mensa-annan@adventureworks.com,,,5273,,,
293,90836195,Tete Mensa-Annan,Sales Representative,tete-mensa-annan@adventureworks.com,,,5273,,,
293,90836195,Tete Mensa-Annan,Sales Representative,tete-mensa-annan@adventureworks.com,,,5273,,,
293,90836195,Tete Mensa-Annan,Sales Representative,tete-mensa-annan@adventureworks.com,,,5273,,,
293,90836195,Tete Mensa-Annan,Sales Representative,tete-mensa-annan@adventureworks.com,,,5273,,,
293,90836195,Tete Mensa-Annan,Sales Representative,tete-mensa-annan@adventureworks.com,,,5273,,,
293,90836195,Tete Mensa-Annan,Sales Representative,tete-mensa-annan@adventureworks.com,,,5273,,,
293,90836195,Tete Mensa-Annan,Sales Representative,tete-mensa-annan@adventureworks.com,,,5273,,,
293,90836195,Tete Mensa-Annan,Sales Representative,tete-mensa-annan@adventureworks.com,,,5273,,,
293,90836195,Tete Mensa-Annan,Sales Representative,tete-mensa-annan@adventureworks.com,,,5273,,,
293,90836195,Tete Mensa-Annan,Sales Representative,tete-mensa-annan@adventureworks.com,,,5273,,,
293,90836195,Tete Mensa-Annan,Sales Representative,tete-mensa-annan@adventureworks.com,,,5273,,,
293,90836195,Tete Mensa-Annan,Sales Representative,tete-mensa-annan@adventureworks.com,,,5273,,,
293,90836195,Tete Mensa-Annan,Sales Representative,tete-mensa-annan@adventureworks.com,,,5273,,,
293,90836195,Tete Mensa-Annan,Sales Representative,tete-mensa-annan@adventureworks.com,,,5273,,,
293,90836195,Tete Mensa-Annan,Sales Representative,tete-mensa-annan@adventureworks.com,,,5273,,,
293,90836195,Tete Mensa-Annan,Sales Representative,tete-mensa-annan@adventureworks.com,,,5273,,,
293,90836195,Tete Mensa-Annan,Sales Representative,tete-mensa-annan@adventureworks.com,,,5273,,,
293,90836195,Tete Mensa-Annan,Sales Representative,tete-mensa-annan@adventureworks.com,,,5273,,,
293,90836195,Tete Mensa-Annan,Sales Representative,tete-mensa-annan@adventureworks.com,,,5273,,,
293,90836195,Tete Mensa-Annan,Sales Representative,tete-mensa-annan@adventureworks.com,,,5273,,,
293,90836195,Tete Mensa-Annan,Sales Representative,tete-mensa-annan@adventureworks.com,,,5273,,,
293,90836195,Tete Mensa-Annan,Sales Representative,tete-mensa-annan@adventureworks.com,,,5273,,,
293,90836195,Tete Mensa-Annan,Sales Representative,tete-mensa-annan@adventureworks.com,,,5273,,,
293,90836195,Tete Mensa-Annan,Sales Representative,tete-mensa-annan@adventureworks.com,,,5273,,,
294,481044938,Syed Abbas,Pacific Sales Manager,syed-abbas@adventureworks.com,,,820,,,
294,481044938,Syed Abbas,Pacific Sales Manager,syed-abbas@adventureworks.com,,,820,,,
294,481044938,Syed Abbas,Pacific Sales Manager,syed-abbas@adventureworks.com,,,820,,,
294,481044938,Syed Abbas,Pacific Sales Manager,syed-abbas@adventureworks.com,,,820,,,
294,481044938,Syed Abbas,Pacific Sales Manager,syed-abbas@adventureworks.com,,,820,,,
294,481044938,Syed Abbas,Pacific Sales Manager,syed-abbas@adventureworks.com,,,820,,,
294,481044938,Syed Abbas,Pacific Sales Manager,syed-abbas@adventureworks.com,,,820,,,
294,481044938,Syed Abbas,Pacific Sales Manager,syed-abbas@adventureworks.com,,,820,,,
294,481044938,Syed Abbas,Pacific Sales Manager,syed-abbas@adventureworks.com,,,820,,,
294,481044938,Syed Abbas,Pacific Sales Manager,syed-abbas@adventureworks.com,,,820,,,
294,481044938,Syed Abbas,Pacific Sales Manager,syed-abbas@adventureworks.com,,,820,,,
294,481044938,Syed Abbas,Pacific Sales Manager,syed-abbas@adventureworks.com,,,820,,,
294,481044938,Syed Abbas,Pacific Sales Manager,syed-abbas@adventureworks.com,,,820,,,
294,481044938,Syed Abbas,Pacific Sales Manager,syed-abbas@adventureworks.com,,,820,,,
294,481044938,Syed Abbas,Pacific Sales Manager,syed-abbas@adventureworks.com,,,820,,,
294,481044938,Syed Abbas,Pacific Sales Manager,syed-abbas@adventureworks.com,,,820,,,
294,481044938,Syed Abbas,Pacific Sales Manager,syed-abbas@adventureworks.com,,,820,,,
294,481044938,Syed Abbas,Pacific Sales Manager,syed-abbas@adventureworks.com,,,820,,,
294,481044938,Syed Abbas,Pacific Sales Manager,syed-abbas@adventureworks.com,,,820,,,
294,481044938,Syed Abbas,Pacific Sales Manager,syed-abbas@adventureworks.com,,,820,,,
294,481044938,Syed Abbas,Pacific Sales Manager,syed-abbas@adventureworks.com,,,820,,,
294,481044938,Syed Abbas,Pacific Sales Manager,syed-abbas@adventureworks.com,,,820,,,
294,481044938,Syed Abbas,Pacific Sales Manager,syed-abbas@adventureworks.com,,,820,,,
294,481044938,Syed Abbas,Pacific Sales Manager,syed-abbas@adventureworks.com,,,820,,,
295,954276278,Rachel Valdez,Sales Representative,rachel-valdez@adventureworks.com,,,6467,,,
295,954276278,Rachel Valdez,Sales Representative,rachel-valdez@adventureworks.com,,,6467,,,
295,954276278,Rachel Valdez,Sales Representative,rachel-valdez@adventureworks.com,,,6467,,,
295,954276278,Rachel Valdez,Sales Representative,rachel-valdez@adventureworks.com,,,6467,,,
295,954276278,Rachel Valdez,Sales Representative,rachel-valdez@adventureworks.com,,,6467,,,
295,954276278,Rachel Valdez,Sales Representative,rachel-valdez@adventureworks.com,,,6467,,,
295,954276278,Rachel Valdez,Sales Representative,rachel-valdez@adventureworks.com,,,6467,,,
295,954276278,Rachel Valdez,Sales Representative,rachel-valdez@adventureworks.com,,,6467,,,
295,954276278,Rachel Valdez,Sales Representative,rachel-valdez@adventureworks.com,,,6467,,,
295,954276278,Rachel Valdez,Sales Representative,rachel-valdez@adventureworks.com,,,6467,,,
295,954276278,Rachel Valdez,Sales Representative,rachel-valdez@adventureworks.com,,,6467,,,
295,954276278,Rachel Valdez,Sales Representative,rachel-valdez@adventureworks.com,,,6467,,,
295,954276278,Rachel Valdez,Sales Representative,rachel-valdez@adventureworks.com,,,6467,,,
295,954276278,Rachel Valdez,Sales Representative,rachel-valdez@adventureworks.com,,,6467,,,
295,954276278,Rachel Valdez,Sales Representative,rachel-valdez@adventureworks.com,,,6467,,,
295,954276278,Rachel Valdez,Sales Representative,rachel-valdez@adventureworks.com,,,6467,,,
295,954276278,Rachel Valdez,Sales Representative,rachel-valdez@adventureworks.com,,,6467,,,
295,954276278,Rachel Valdez,Sales Representative,rachel-valdez@adventureworks.com,,,6467,,,
295,954276278,Rachel Valdez,Sales Representative,rachel-valdez@adventureworks.com,,,6467,,,
295,954276278,Rachel Valdez,Sales Representative,rachel-valdez@adventureworks.com,,,6467,,,
295,954276278,Rachel Valdez,Sales Representative,rachel-valdez@adventureworks.com,,,6467,,,
295,954276278,Rachel Valdez,Sales Representative,rachel-valdez@adventureworks.com,,,6467,,,
295,954276278,Rachel Valdez,Sales Representative,rachel-valdez@adventureworks.com,,,6467,,,
295,954276278,Rachel Valdez,Sales Representative,rachel-valdez@adventureworks.com,,,6467,,,
296,758596752,Lynn Tsoflias,Sales Representative,lynn-tsoflias@adventureworks.com,,,3235,,,
296,758596752,Lynn Tsoflias,Sales Representative,lynn-tsoflias@adventureworks.com,,,3235,,,
296,758596752,Lynn Tsoflias,Sales Representative,lynn-tsoflias@adventureworks.com,,,3235,,,
296,758596752,Lynn Tsoflias,Sales Representative,lynn-tsoflias@adventureworks.com,,,3235,,,
296,758596752,Lynn Tsoflias,Sales Representative,lynn-tsoflias@adventureworks.com,,,3235,,,
296,758596752,Lynn Tsoflias,Sales Representative,lynn-tsoflias@adventureworks.com,,,3235,,,
296,758596752,Lynn Tsoflias,Sales Representative,lynn-tsoflias@adventureworks.com,,,3235,,,
296,758596752,Lynn Tsoflias,Sales Representative,lynn-tsoflias@adventureworks.com,,,3235,,,
296,758596752,Lynn Tsoflias,Sales Representative,lynn-tsoflias@adventureworks.com,,,3235,,,
296,758596752,Lynn Tsoflias,Sales Representative,lynn-tsoflias@adventureworks.com,,,3235,,,
296,758596752,Lynn Tsoflias,Sales Representative,lynn-tsoflias@adventureworks.com,,,3235,,,
296,758596752,Lynn Tsoflias,Sales Representative,lynn-tsoflias@adventureworks.com,,,3235,,,
296,758596752,Lynn Tsoflias,Sales Representative,lynn-tsoflias@adventureworks.com,,,3235,,,
296,758596752,Lynn Tsoflias,Sales Representative,lynn-tsoflias@adventureworks.com,,,3235,,,
296,758596752,Lynn Tsoflias,Sales Representative,lynn-tsoflias@adventureworks.com,,,3235,,,
296,758596752,Lynn Tsoflias,Sales Representative,lynn-tsoflias@adventureworks.com,,,3235,,,
296,758596752,Lynn Tsoflias,Sales Representative,lynn-tsoflias@adventureworks.com,,,3235,,,
296,758596752,Lynn Tsoflias,Sales Representative,lynn-tsoflias@adventureworks.com,,,3235,,,
296,758596752,Lynn Tsoflias,Sales Representative,lynn-tsoflias@adventureworks.com,,,3235,,,
296,758596752,Lynn Tsoflias,Sales Representative,lynn-tsoflias@adventureworks.com,,,3235,,,
296,758596752,Lynn Tsoflias,Sales Representative,lynn-tsoflias@adventureworks.com,,,3235,,,
296,758596752,Lynn Tsoflias,Sales Representative,lynn-tsoflias@adventureworks.com,,,3235,,,
296,758596752,Lynn Tsoflias,Sales Representative,lynn-tsoflias@adventureworks.com,,,3235,,,
296,758596752,Lynn Tsoflias,Sales Representative,lynn-tsoflias@adventureworks.com,,,3235,,,
272,502097814,Stephen Jiang,North American Sales Manager,stephen-jiang@adventureworks.com,,,2953,,,
272,502097814,Stephen Jiang,North American Sales Manager,stephen-jiang@adventureworks.com,,,2953,,,
272,502097814,Stephen Jiang,North American Sales Manager,stephen-jiang@adventureworks.com,,,2953,,,
272,502097814,Stephen Jiang,North American Sales Manager,stephen-jiang@adventureworks.com,,,2953,,,
272,502097814,Stephen Jiang,North American Sales Manager,stephen-jiang@adventureworks.com,,,2953,,,
272,502097814,Stephen Jiang,North American Sales Manager,stephen-jiang@adventureworks.com,,,2953,,,
272,502097814,Stephen Jiang,North American Sales Manager,stephen-jiang@adventureworks.com,,,2953,,,
272,502097814,Stephen Jiang,North American Sales Manager,stephen-jiang@adventureworks.com,,,2953,,,
272,502097814,Stephen Jiang,North American Sales Manager,stephen-jiang@adventureworks.com,,,2953,,,
272,502097814,Stephen Jiang,North American Sales Manager,stephen-jiang@adventureworks.com,,,2953,,,
272,502097814,Stephen Jiang,North American Sales Manager,stephen-jiang@adventureworks.com,,,2953,,,
272,502097814,Stephen Jiang,North American Sales Manager,stephen-jiang@adventureworks.com,,,2953,,,
272,502097814,Stephen Jiang,North American Sales Manager,stephen-jiang@adventureworks.com,,,2953,,,
272,502097814,Stephen Jiang,North American Sales Manager,stephen-jiang@adventureworks.com,,,2953,,,
272,502097814,Stephen Jiang,North American Sales Manager,stephen-jiang@adventureworks.com,,,2953,,,
272,502097814,Stephen Jiang,North American Sales Manager,stephen-jiang@adventureworks.com,,,2953,,,
272,502097814,Stephen Jiang,North American Sales Manager,stephen-jiang@adventureworks.com,,,2953,,,
272,502097814,Stephen Jiang,North American Sales Manager,stephen-jiang@adventureworks.com,,,2953,,,
272,502097814,Stephen Jiang,North American Sales Manager,stephen-jiang@adventureworks.com,,,2953,,,
272,502097814,Stephen Jiang,North American Sales Manager,stephen-jiang@adventureworks.com,,,2953,,,
272,502097814,Stephen Jiang,North American Sales Manager,stephen-jiang@adventureworks.com,,,2953,,,
272,502097814,Stephen Jiang,North American Sales Manager,stephen-jiang@adventureworks.com,,,2953,,,
272,502097814,Stephen Jiang,North American Sales Manager,stephen-jiang@adventureworks.com,,,2953,,,
272,502097814,Stephen Jiang,North American Sales Manager,stephen-jiang@adventureworks.com,,,2953,,,
272,502097814,Stephen Jiang,North American Sales Manager,stephen-jiang@adventureworks.com,,,2953,,,
272,502097814,Stephen Jiang,North American Sales Manager,stephen-jiang@adventureworks.com,,,2953,,,
272,502097814,Stephen Jiang,North American Sales Manager,stephen-jiang@adventureworks.com,,,2953,,,
272,502097814,Stephen Jiang,North American Sales Manager,stephen-jiang@adventureworks.com,,,2953,,,
272,502097814,Stephen Jiang,North American Sales Manager,stephen-jiang@adventureworks.com,,,2953,,,
272,502097814,Stephen Jiang,North American Sales Manager,stephen-jiang@adventureworks.com,,,2953,,,
272,502097814,Stephen Jiang,North American Sales Manager,stephen-jiang@adventureworks.com,,,2953,,,
272,502097814,Stephen Jiang,North American Sales Manager,stephen-jiang@adventureworks.com,,,2953,,,
272,502097814,Stephen Jiang,North American Sales Manager,stephen-jiang@adventureworks.com,,,2953,,,
272,502097814,Stephen Jiang,North American Sales Manager,stephen-jiang@adventureworks.com,,,2953,,,
272,502097814,Stephen Jiang,North American Sales Manager,stephen-jiang@adventureworks.com,,,2953,,,
272,502097814,Stephen Jiang,North American Sales Manager,stephen-jiang@adventureworks.com,,,2953,,,
272,502097814,Stephen Jiang,North American Sales Manager,stephen-jiang@adventureworks.com,,,2953,,,
272,502097814,Stephen Jiang,North American Sales Manager,stephen-jiang@adventureworks.com,,,2953,,,
272,502097814,Stephen Jiang,North American Sales Manager,stephen-jiang@adventureworks.com,,,2953,,,
272,502097814,Stephen Jiang,North American Sales Manager,stephen-jiang@adventureworks.com,,,2953,,,
272,502097814,Stephen Jiang,North American Sales Manager,stephen-jiang@adventureworks.com,,,2953,,,
272,502097814,Stephen Jiang,North American Sales Manager,stephen-jiang@adventureworks.com,,,2953,,,
272,502097814,Stephen Jiang,North American Sales Manager,stephen-jiang@adventureworks.com,,,2953,,,
272,502097814,Stephen Jiang,North American Sales Manager,stephen-jiang@adventureworks.com,,,2953,,,
272,502097814,Stephen Jiang,North American Sales Manager,stephen-jiang@adventureworks.com,,,2953,,,
272,502097814,Stephen Jiang,North American Sales Manager,stephen-jiang@adventureworks.com,,,2953,,,
272,502097814,Stephen Jiang,North American Sales Manager,stephen-jiang@adventureworks.com,,,2953,,,
272,502097814,Stephen Jiang,North American Sales Manager,stephen-jiang@adventureworks.com,,,2953,,,
272,502097814,Stephen Jiang,North American Sales Manager,stephen-jiang@adventureworks.com,,,2953,,,
272,502097814,Stephen Jiang,North American Sales Manager,stephen-jiang@adventureworks.com,,,2953,,,
272,502097814,Stephen Jiang,North American Sales Manager,stephen-jiang@adventureworks.com,,,2953,,,
272,502097814,Stephen Jiang,North American Sales Manager,stephen-jiang@adventureworks.com,,,2953,,,
272,502097814,Stephen Jiang,North American Sales Manager,stephen-jiang@adventureworks.com,,,2953,,,
272,502097814,Stephen Jiang,North American Sales Manager,stephen-jiang@adventureworks.com,,,2953,,,
281,841560125,Michael Blythe,Sales Representative,michael-blythe@adventureworks.com,,,21988,,,
281,841560125,Michael Blythe,Sales Representative,michael-blythe@adventureworks.com,,,21988,,,
281,841560125,Michael Blythe,Sales Representative,michael-blythe@adventureworks.com,,,21988,,,
281,841560125,Michael Blythe,Sales Representative,michael-blythe@adventureworks.com,,,21988,,,
281,841560125,Michael Blythe,Sales Representative,michael-blythe@adventureworks.com,,,21988,,,
281,841560125,Michael Blythe,Sales Representative,michael-blythe@adventureworks.com,,,21988,,,
281,841560125,Michael Blythe,Sales Representative,michael-blythe@adventureworks.com,,,21988,,,
281,841560125,Michael Blythe,Sales Representative,michael-blythe@adventureworks.com,,,21988,,,
281,841560125,Michael Blythe,Sales Representative,michael-blythe@adventureworks.com,,,21988,,,
281,841560125,Michael Blythe,Sales Representative,michael-blythe@adventureworks.com,,,21988,,,
281,841560125,Michael Blythe,Sales Representative,michael-blythe@adventureworks.com,,,21988,,,
281,841560125,Michael Blythe,Sales Representative,michael-blythe@adventureworks.com,,,21988,,,
281,841560125,Michael Blythe,Sales Representative,michael-blythe@adventureworks.com,,,21988,,,
281,841560125,Michael Blythe,Sales Representative,michael-blythe@adventureworks.com,,,21988,,,
281,841560125,Michael Blythe,Sales Representative,michael-blythe@adventureworks.com,,,21988,,,
281,841560125,Michael Blythe,Sales Representative,michael-blythe@adventureworks.com,,,21988,,,
281,841560125,Michael Blythe,Sales Representative,michael-blythe@adventureworks.com,,,21988,,,
281,841560125,Michael Blythe,Sales Representative,michael-blythe@adventureworks.com,,,21988,,,
281,841560125,Michael Blythe,Sales Representative,michael-blythe@adventureworks.com,,,21988,,,
281,841560125,Michael Blythe,Sales Representative,michael-blythe@adventureworks.com,,,21988,,,
281,841560125,Michael Blythe,Sales Representative,michael-blythe@adventureworks.com,,,21988,,,
281,841560125,Michael Blythe,Sales Representative,michael-blythe@adventureworks.com,,,21988,,,
281,841560125,Michael Blythe,Sales Representative,michael-blythe@adventureworks.com,,,21988,,,
281,841560125,Michael Blythe,Sales Representative,michael-blythe@adventureworks.com,,,21988,,,
281,841560125,Michael Blythe,Sales Representative,michael-blythe@adventureworks.com,,,21988,,,
281,841560125,Michael Blythe,Sales Representative,michael-blythe@adventureworks.com,,,21988,,,
281,841560125,Michael Blythe,Sales Representative,michael-blythe@adventureworks.com,,,21988,,,
281,841560125,Michael Blythe,Sales Representative,michael-blythe@adventureworks.com,,,21988,,,
281,841560125,Michael Blythe,Sales Representative,michael-blythe@adventureworks.com,,,21988,,,
281,841560125,Michael Blythe,Sales Representative,michael-blythe@adventureworks.com,,,21988,,,
281,841560125,Michael Blythe,Sales Representative,michael-blythe@adventureworks.com,,,21988,,,
281,841560125,Michael Blythe,Sales Representative,michael-blythe@adventureworks.com,,,21988,,,
281,841560125,Michael Blythe,Sales Representative,michael-blythe@adventureworks.com,,,21988,,,
281,841560125,Michael Blythe,Sales Representative,michael-blythe@adventureworks.com,,,21988,,,
281,841560125,Michael Blythe,Sales Representative,michael-blythe@adventureworks.com,,,21988,,,
281,841560125,Michael Blythe,Sales Representative,michael-blythe@adventureworks.com,,,21988,,,
281,841560125,Michael Blythe,Sales Representative,michael-blythe@adventureworks.com,,,21988,,,
281,841560125,Michael Blythe,Sales Representative,michael-blythe@adventureworks.com,,,21988,,,
281,841560125,Michael Blythe,Sales Representative,michael-blythe@adventureworks.com,,,21988,,,
281,841560125,Michael Blythe,Sales Representative,michael-blythe@adventureworks.com,,,21988,,,
281,841560125,Michael Blythe,Sales Representative,michael-blythe@adventureworks.com,,,21988,,,
281,841560125,Michael Blythe,Sales Representative,michael-blythe@adventureworks.com,,,21988,,,
281,841560125,Michael Blythe,Sales Representative,michael-blythe@adventureworks.com,,,21988,,,
281,841560125,Michael Blythe,Sales Representative,michael-blythe@adventureworks.com,,,21988,,,
281,841560125,Michael Blythe,Sales Representative,michael-blythe@adventureworks.com,,,21988,,,
281,841560125,Michael Blythe,Sales Representative,michael-blythe@adventureworks.com,,,21988,,,
281,841560125,Michael Blythe,Sales Representative,michael-blythe@adventureworks.com,,,21988,,,
281,841560125,Michael Blythe,Sales Representative,michael-blythe@adventureworks.com,,,21988,,,
281,841560125,Michael Blythe,Sales Representative,michael-blythe@adventureworks.com,,,21988,,,
281,841560125,Michael Blythe,Sales Representative,michael-blythe@adventureworks.com,,,21988,,,
281,841560125,Michael Blythe,Sales Representative,michael-blythe@adventureworks.com,,,21988,,,
281,841560125,Michael Blythe,Sales Representative,michael-blythe@adventureworks.com,,,21988,,,
281,841560125,Michael Blythe,Sales Representative,michael-blythe@adventureworks.com,,,21988,,,
281,841560125,Michael Blythe,Sales Representative,michael-blythe@adventureworks.com,,,21988,,,
282,191644724,Linda Mitchell,Sales Representative,linda-mitchell@adventureworks.com,,,26314,,,
282,191644724,Linda Mitchell,Sales Representative,linda-mitchell@adventureworks.com,,,26314,,,
282,191644724,Linda Mitchell,Sales Representative,linda-mitchell@adventureworks.com,,,26314,,,
282,191644724,Linda Mitchell,Sales Representative,linda-mitchell@adventureworks.com,,,26314,,,
282,191644724,Linda Mitchell,Sales Representative,linda-mitchell@adventureworks.com,,,26314,,,
282,191644724,Linda Mitchell,Sales Representative,linda-mitchell@adventureworks.com,,,26314,,,
282,191644724,Linda Mitchell,Sales Representative,linda-mitchell@adventureworks.com,,,26314,,,
282,191644724,Linda Mitchell,Sales Representative,linda-mitchell@adventureworks.com,,,26314,,,
282,191644724,Linda Mitchell,Sales Representative,linda-mitchell@adventureworks.com,,,26314,,,
282,191644724,Linda Mitchell,Sales Representative,linda-mitchell@adventureworks.com,,,26314,,,
282,191644724,Linda Mitchell,Sales Representative,linda-mitchell@adventureworks.com,,,26314,,,
282,191644724,Linda Mitchell,Sales Representative,linda-mitchell@adventureworks.com,,,26314,,,
282,191644724,Linda Mitchell,Sales Representative,linda-mitchell@adventureworks.com,,,26314,,,
282,191644724,Linda Mitchell,Sales Representative,linda-mitchell@adventureworks.com,,,26314,,,
282,191644724,Linda Mitchell,Sales Representative,linda-mitchell@adventureworks.com,,,26314,,,
282,191644724,Linda Mitchell,Sales Representative,linda-mitchell@adventureworks.com,,,26314,,,
282,191644724,Linda Mitchell,Sales Representative,linda-mitchell@adventureworks.com,,,26314,,,
282,191644724,Linda Mitchell,Sales Representative,linda-mitchell@adventureworks.com,,,26314,,,
282,191644724,Linda Mitchell,Sales Representative,linda-mitchell@adventureworks.com,,,26314,,,
282,191644724,Linda Mitchell,Sales Representative,linda-mitchell@adventureworks.com,,,26314,,,
282,191644724,Linda Mitchell,Sales Representative,linda-mitchell@adventureworks.com,,,26314,,,
282,191644724,Linda Mitchell,Sales Representative,linda-mitchell@adventureworks.com,,,26314,,,
282,191644724,Linda Mitchell,Sales Representative,linda-mitchell@adventureworks.com,,,26314,,,
282,191644724,Linda Mitchell,Sales Representative,linda-mitchell@adventureworks.com,,,26314,,,
282,191644724,Linda Mitchell,Sales Representative,linda-mitchell@adventureworks.com,,,26314,,,
282,191644724,Linda Mitchell,Sales Representative,linda-mitchell@adventureworks.com,,,26314,,,
282,191644724,Linda Mitchell,Sales Representative,linda-mitchell@adventureworks.com,,,26314,,,
282,191644724,Linda Mitchell,Sales Representative,linda-mitchell@adventureworks.com,,,26314,,,
282,191644724,Linda Mitchell,Sales Representative,linda-mitchell@adventureworks.com,,,26314,,,
282,191644724,Linda Mitchell,Sales Representative,linda-mitchell@adventureworks.com,,,26314,,,
282,191644724,Linda Mitchell,Sales Representative,linda-mitchell@adventureworks.com,,,26314,,,
282,191644724,Linda Mitchell,Sales Representative,linda-mitchell@adventureworks.com,,,26314,,,
282,191644724,Linda Mitchell,Sales Representative,linda-mitchell@adventureworks.com,,,26314,,,
282,191644724,Linda Mitchell,Sales Representative,linda-mitchell@adventureworks.com,,,26314,,,
282,191644724,Linda Mitchell,Sales Representative,linda-mitchell@adventureworks.com,,,26314,,,
282,191644724,Linda Mitchell,Sales Representative,linda-mitchell@adventureworks.com,,,26314,,,
282,191644724,Linda Mitchell,Sales Representative,linda-mitchell@adventureworks.com,,,26314,,,
282,191644724,Linda Mitchell,Sales Representative,linda-mitchell@adventureworks.com,,,26314,,,
282,191644724,Linda Mitchell,Sales Representative,linda-mitchell@adventureworks.com,,,26314,,,
282,191644724,Linda Mitchell,Sales Representative,linda-mitchell@adventureworks.com,,,26314,,,
282,191644724,Linda Mitchell,Sales Representative,linda-mitchell@adventureworks.com,,,26314,,,
282,191644724,Linda Mitchell,Sales Representative,linda-mitchell@adventureworks.com,,,26314,,,
282,191644724,Linda Mitchell,Sales Representative,linda-mitchell@adventureworks.com,,,26314,,,
282,191644724,Linda Mitchell,Sales Representative,linda-mitchell@adventureworks.com,,,26314,,,
282,191644724,Linda Mitchell,Sales Representative,linda-mitchell@adventureworks.com,,,26314,,,
282,191644724,Linda Mitchell,Sales Representative,linda-mitchell@adventureworks.com,,,26314,,,
282,191644724,Linda Mitchell,Sales Representative,linda-mitchell@adventureworks.com,,,26314,,,
282,191644724,Linda Mitchell,Sales Representative,linda-mitchell@adventureworks.com,,,26314,,,
282,191644724,Linda Mitchell,Sales Representative,linda-mitchell@adventureworks.com,,,26314,,,
282,191644724,Linda Mitchell,Sales Representative,linda-mitchell@adventureworks.com,,,26314,,,
282,191644724,Linda Mitchell,Sales Representative,linda-mitchell@adventureworks.com,,,26314,,,
282,191644724,Linda Mitchell,Sales Representative,linda-mitchell@adventureworks.com,,,26314,,,
282,191644724,Linda Mitchell,Sales Representative,linda-mitchell@adventureworks.com,,,26314,,,
282,191644724,Linda Mitchell,Sales Representative,linda-mitchell@adventureworks.com,,,26314,,,
283,615389812,Jillian Carson,Sales Representative,jillian-carson@adventureworks.com,,,25915,,,
283,615389812,Jillian Carson,Sales Representative,jillian-carson@adventureworks.com,,,25915,,,
283,615389812,Jillian Carson,Sales Representative,jillian-carson@adventureworks.com,,,25915,,,
283,615389812,Jillian Carson,Sales Representative,jillian-carson@adventureworks.com,,,25915,,,
283,615389812,Jillian Carson,Sales Representative,jillian-carson@adventureworks.com,,,25915,,,
283,615389812,Jillian Carson,Sales Representative,jillian-carson@adventureworks.com,,,25915,,,
283,615389812,Jillian Carson,Sales Representative,jillian-carson@adventureworks.com,,,25915,,,
283,615389812,Jillian Carson,Sales Representative,jillian-carson@adventureworks.com,,,25915,,,
283,615389812,Jillian Carson,Sales Representative,jillian-carson@adventureworks.com,,,25915,,,
283,615389812,Jillian Carson,Sales Representative,jillian-carson@adventureworks.com,,,25915,,,
283,615389812,Jillian Carson,Sales Representative,jillian-carson@adventureworks.com,,,25915,,,
283,615389812,Jillian Carson,Sales Representative,jillian-carson@adventureworks.com,,,25915,,,
283,615389812,Jillian Carson,Sales Representative,jillian-carson@adventureworks.com,,,25915,,,
283,615389812,Jillian Carson,Sales Representative,jillian-carson@adventureworks.com,,,25915,,,
283,615389812,Jillian Carson,Sales Representative,jillian-carson@adventureworks.com,,,25915,,,
283,615389812,Jillian Carson,Sales Representative,jillian-carson@adventureworks.com,,,25915,,,
283,615389812,Jillian Carson,Sales Representative,jillian-carson@adventureworks.com,,,25915,,,
283,615389812,Jillian Carson,Sales Representative,jillian-carson@adventureworks.com,,,25915,,,
283,615389812,Jillian Carson,Sales Representative,jillian-carson@adventureworks.com,,,25915,,,
283,615389812,Jillian Carson,Sales Representative,jillian-carson@adventureworks.com,,,25915,,,
283,615389812,Jillian Carson,Sales Representative,jillian-carson@adventureworks.com,,,25915,,,
283,615389812,Jillian Carson,Sales Representative,jillian-carson@adventureworks.com,,,25915,,,
283,615389812,Jillian Carson,Sales Representative,jillian-carson@adventureworks.com,,,25915,,,
283,615389812,Jillian Carson,Sales Representative,jillian-carson@adventureworks.com,,,25915,,,
283,615389812,Jillian Carson,Sales Representative,jillian-carson@adventureworks.com,,,25915,,,
283,615389812,Jillian Carson,Sales Representative,jillian-carson@adventureworks.com,,,25915,,,
283,615389812,Jillian Carson,Sales Representative,jillian-carson@adventureworks.com,,,25915,,,
283,615389812,Jillian Carson,Sales Representative,jillian-carson@adventureworks.com,,,25915,,,
283,615389812,Jillian Carson,Sales Representative,jillian-carson@adventureworks.com,,,25915,,,
283,615389812,Jillian Carson,Sales Representative,jillian-carson@adventureworks.com,,,25915,,,
283,615389812,Jillian Carson,Sales Representative,jillian-carson@adventureworks.com,,,25915,,,
283,615389812,Jillian Carson,Sales Representative,jillian-carson@adventureworks.com,,,25915,,,
283,615389812,Jillian Carson,Sales Representative,jillian-carson@adventureworks.com,,,25915,,,
283,615389812,Jillian Carson,Sales Representative,jillian-carson@adventureworks.com,,,25915,,,
283,615389812,Jillian Carson,Sales Representative,jillian-carson@adventureworks.com,,,25915,,,
283,615389812,Jillian Carson,Sales Representative,jillian-carson@adventureworks.com,,,25915,,,
283,615389812,Jillian Carson,Sales Representative,jillian-carson@adventureworks.com,,,25915,,,
283,615389812,Jillian Carson,Sales Representative,jillian-carson@adventureworks.com,,,25915,,,
283,615389812,Jillian Carson,Sales Representative,jillian-carson@adventureworks.com,,,25915,,,
283,615389812,Jillian Carson,Sales Representative,jillian-carson@adventureworks.com,,,25915,,,
283,615389812,Jillian Carson,Sales Representative,jillian-carson@adventureworks.com,,,25915,,,
283,615389812,Jillian Carson,Sales Representative,jillian-carson@adventureworks.com,,,25915,,,
283,615389812,Jillian Carson,Sales Representative,jillian-carson@adventureworks.com,,,25915,,,
283,615389812,Jillian Carson,Sales Representative,jillian-carson@adventureworks.com,,,25915,,,
283,615389812,Jillian Carson,Sales Representative,jillian-carson@adventureworks.com,,,25915,,,
283,615389812,Jillian Carson,Sales Representative,jillian-carson@adventureworks.com,,,25915,,,
283,615389812,Jillian Carson,Sales Representative,jillian-carson@adventureworks.com,,,25915,,,
283,615389812,Jillian Carson,Sales Representative,jillian-carson@adventureworks.com,,,25915,,,
283,615389812,Jillian Carson,Sales Representative,jillian-carson@adventureworks.com,,,25915,,,
283,615389812,Jillian Carson,Sales Representative,jillian-carson@adventureworks.com,,,25915,,,
283,615389812,Jillian Carson,Sales Representative,jillian-carson@adventureworks.com,,,25915,,,
283,615389812,Jillian Carson,Sales Representative,jillian-carson@adventureworks.com,,,25915,,,
283,615389812,Jillian Carson,Sales Representative,jillian-carson@adventureworks.com,,,25915,,,
284,234474252,Garrett Vargas,Sales Representative,garrett-vargas@adventureworks.com,,,11060,,,
284,234474252,Garrett Vargas,Sales Representative,garrett-vargas@adventureworks.com,,,11060,,,
284,234474252,Garrett Vargas,Sales Representative,garrett-vargas@adventureworks.com,,,11060,,,
284,234474252,Garrett Vargas,Sales Representative,garrett-vargas@adventureworks.com,,,11060,,,
284,234474252,Garrett Vargas,Sales Representative,garrett-vargas@adventureworks.com,,,11060,,,
284,234474252,Garrett Vargas,Sales Representative,garrett-vargas@adventureworks.com,,,11060,,,
284,234474252,Garrett Vargas,Sales Representative,garrett-vargas@adventureworks.com,,,11060,,,
284,234474252,Garrett Vargas,Sales Representative,garrett-vargas@adventureworks.com,,,11060,,,
284,234474252,Garrett Vargas,Sales Representative,garrett-vargas@adventureworks.com,,,11060,,,
284,234474252,Garrett Vargas,Sales Representative,garrett-vargas@adventureworks.com,,,11060,,,
284,234474252,Garrett Vargas,Sales Representative,garrett-vargas@adventureworks.com,,,11060,,,
284,234474252,Garrett Vargas,Sales Representative,garrett-vargas@adventureworks.com,,,11060,,,
284,234474252,Garrett Vargas,Sales Representative,garrett-vargas@adventureworks.com,,,11060,,,
284,234474252,Garrett Vargas,Sales Representative,garrett-vargas@adventureworks.com,,,11060,,,
284,234474252,Garrett Vargas,Sales Representative,garrett-vargas@adventureworks.com,,,11060,,,
284,234474252,Garrett Vargas,Sales Representative,garrett-vargas@adventureworks.com,,,11060,,,
284,234474252,Garrett Vargas,Sales Representative,garrett-vargas@adventureworks.com,,,11060,,,
284,234474252,Garrett Vargas,Sales Representative,garrett-vargas@adventureworks.com,,,11060,,,
284,234474252,Garrett Vargas,Sales Representative,garrett-vargas@adventureworks.com,,,11060,,,
284,234474252,Garrett Vargas,Sales Representative,garrett-vargas@adventureworks.com,,,11060,,,
284,234474252,Garrett Vargas,Sales Representative,garrett-vargas@adventureworks.com,,,11060,,,
284,234474252,Garrett Vargas,Sales Representative,garrett-vargas@adventureworks.com,,,11060,,,
284,234474252,Garrett Vargas,Sales Representative,garrett-vargas@adventureworks.com,,,11060,,,
284,234474252,Garrett Vargas,Sales Representative,garrett-vargas@adventureworks.com,,,11060,,,
284,234474252,Garrett Vargas,Sales Representative,garrett-vargas@adventureworks.com,,,11060,,,
284,234474252,Garrett Vargas,Sales Representative,garrett-vargas@adventureworks.com,,,11060,,,
284,234474252,Garrett Vargas,Sales Representative,garrett-vargas@adventureworks.com,,,11060,,,
284,234474252,Garrett Vargas,Sales Representative,garrett-vargas@adventureworks.com,,,11060,,,
284,234474252,Garrett Vargas,Sales Representative,garrett-vargas@adventureworks.com,,,11060,,,
284,234474252,Garrett Vargas,Sales Representative,garrett-vargas@adventureworks.com,,,11060,,,
284,234474252,Garrett Vargas,Sales Representative,garrett-vargas@adventureworks.com,,,11060,,,
284,234474252,Garrett Vargas,Sales Representative,garrett-vargas@adventureworks.com,,,11060,,,
284,234474252,Garrett Vargas,Sales Representative,garrett-vargas@adventureworks.com,,,11060,,,
284,234474252,Garrett Vargas,Sales Representative,garrett-vargas@adventureworks.com,,,11060,,,
284,234474252,Garrett Vargas,Sales Representative,garrett-vargas@adventureworks.com,,,11060,,,
284,234474252,Garrett Vargas,Sales Representative,garrett-vargas@adventureworks.com,,,11060,,,
284,234474252,Garrett Vargas,Sales Representative,garrett-vargas@adventureworks.com,,,11060,,,
284,234474252,Garrett Vargas,Sales Representative,garrett-vargas@adventureworks.com,,,11060,,,
284,234474252,Garrett Vargas,Sales Representative,garrett-vargas@adventureworks.com,,,11060,,,
284,234474252,Garrett Vargas,Sales Representative,garrett-vargas@adventureworks.com,,,11060,,,
284,234474252,Garrett Vargas,Sales Representative,garrett-vargas@adventureworks.com,,,11060,,,
284,234474252,Garrett Vargas,Sales Representative,garrett-vargas@adventureworks.com,,,11060,,,
284,234474252,Garrett Vargas,Sales Representative,garrett-vargas@adventureworks.com,,,11060,,,
284,234474252,Garrett Vargas,Sales Representative,garrett-vargas@adventureworks.com,,,11060,,,
284,234474252,Garrett Vargas,Sales Representative,garrett-vargas@adventureworks.com,,,11060,,,
284,234474252,Garrett Vargas,Sales Representative,garrett-vargas@adventureworks.com,,,11060,,,
284,234474252,Garrett Vargas,Sales Representative,garrett-vargas@adventureworks.com,,,11060,,,
284,234474252,Garrett Vargas,Sales Representative,garrett-vargas@adventureworks.com,,,11060,,,
284,234474252,Garrett Vargas,Sales Representative,garrett-vargas@adventureworks.com,,,11060,,,
284,234474252,Garrett Vargas,Sales Representative,garrett-vargas@adventureworks.com,,,11060,,,
284,234474252,Garrett Vargas,Sales Representative,garrett-vargas@adventureworks.com,,,11060,,,
284,234474252,Garrett Vargas,Sales Representative,garrett-vargas@adventureworks.com,,,11060,,,
284,234474252,Garrett Vargas,Sales Representative,garrett-vargas@adventureworks.com,,,11060,,,
284,234474252,Garrett Vargas,Sales Representative,garrett-vargas@adventureworks.com,,,11060,,,
285,716374314,Tsvi Reiter,Sales Representative,tsvi-reiter@adventureworks.com,,,15899,,,
285,716374314,Tsvi Reiter,Sales Representative,tsvi-reiter@adventureworks.com,,,15899,,,
285,716374314,Tsvi Reiter,Sales Representative,tsvi-reiter@adventureworks.com,,,15899,,,
285,716374314,Tsvi Reiter,Sales Representative,tsvi-reiter@adventureworks.com,,,15899,,,
285,716374314,Tsvi Reiter,Sales Representative,tsvi-reiter@adventureworks.com,,,15899,,,
285,716374314,Tsvi Reiter,Sales Representative,tsvi-reiter@adventureworks.com,,,15899,,,
285,716374314,Tsvi Reiter,Sales Representative,tsvi-reiter@adventureworks.com,,,15899,,,
285,716374314,Tsvi Reiter,Sales Representative,tsvi-reiter@adventureworks.com,,,15899,,,
285,716374314,Tsvi Reiter,Sales Representative,tsvi-reiter@adventureworks.com,,,15899,,,
285,716374314,Tsvi Reiter,Sales Representative,tsvi-reiter@adventureworks.com,,,15899,,,
285,716374314,Tsvi Reiter,Sales Representative,tsvi-reiter@adventureworks.com,,,15899,,,
285,716374314,Tsvi Reiter,Sales Representative,tsvi-reiter@adventureworks.com,,,15899,,,
285,716374314,Tsvi Reiter,Sales Representative,tsvi-reiter@adventureworks.com,,,15899,,,
285,716374314,Tsvi Reiter,Sales Representative,tsvi-reiter@adventureworks.com,,,15899,,,
285,716374314,Tsvi Reiter,Sales Representative,tsvi-reiter@adventureworks.com,,,15899,,,
285,716374314,Tsvi Reiter,Sales Representative,tsvi-reiter@adventureworks.com,,,15899,,,
285,716374314,Tsvi Reiter,Sales Representative,tsvi-reiter@adventureworks.com,,,15899,,,
285,716374314,Tsvi Reiter,Sales Representative,tsvi-reiter@adventureworks.com,,,15899,,,
285,716374314,Tsvi Reiter,Sales Representative,tsvi-reiter@adventureworks.com,,,15899,,,
285,716374314,Tsvi Reiter,Sales Representative,tsvi-reiter@adventureworks.com,,,15899,,,
285,716374314,Tsvi Reiter,Sales Representative,tsvi-reiter@adventureworks.com,,,15899,,,
285,716374314,Tsvi Reiter,Sales Representative,tsvi-reiter@adventureworks.com,,,15899,,,
285,716374314,Tsvi Reiter,Sales Representative,tsvi-reiter@adventureworks.com,,,15899,,,
285,716374314,Tsvi Reiter,Sales Representative,tsvi-reiter@adventureworks.com,,,15899,,,
285,716374314,Tsvi Reiter,Sales Representative,tsvi-reiter@adventureworks.com,,,15899,,,
285,716374314,Tsvi Reiter,Sales Representative,tsvi-reiter@adventureworks.com,,,15899,,,
285,716374314,Tsvi Reiter,Sales Representative,tsvi-reiter@adventureworks.com,,,15899,,,
285,716374314,Tsvi Reiter,Sales Representative,tsvi-reiter@adventureworks.com,,,15899,,,
285,716374314,Tsvi Reiter,Sales Representative,tsvi-reiter@adventureworks.com,,,15899,,,
285,716374314,Tsvi Reiter,Sales Representative,tsvi-reiter@adventureworks.com,,,15899,,,
285,716374314,Tsvi Reiter,Sales Representative,tsvi-reiter@adventureworks.com,,,15899,,,
285,716374314,Tsvi Reiter,Sales Representative,tsvi-reiter@adventureworks.com,,,15899,,,
285,716374314,Tsvi Reiter,Sales Representative,tsvi-reiter@adventureworks.com,,,15899,,,
285,716374314,Tsvi Reiter,Sales Representative,tsvi-reiter@adventureworks.com,,,15899,,,
285,716374314,Tsvi Reiter,Sales Representative,tsvi-reiter@adventureworks.com,,,15899,,,
285,716374314,Tsvi Reiter,Sales Representative,tsvi-reiter@adventureworks.com,,,15899,,,
285,716374314,Tsvi Reiter,Sales Representative,tsvi-reiter@adventureworks.com,,,15899,,,
285,716374314,Tsvi Reiter,Sales Representative,tsvi-reiter@adventureworks.com,,,15899,,,
285,716374314,Tsvi Reiter,Sales Representative,tsvi-reiter@adventureworks.com,,,15899,,,
285,716374314,Tsvi Reiter,Sales Representative,tsvi-reiter@adventureworks.com,,,15899,,,
285,716374314,Tsvi Reiter,Sales Representative,tsvi-reiter@adventureworks.com,,,15899,,,
285,716374314,Tsvi Reiter,Sales Representative,tsvi-reiter@adventureworks.com,,,15899,,,
285,716374314,Tsvi Reiter,Sales Representative,tsvi-reiter@adventureworks.com,,,15899,,,
285,716374314,Tsvi Reiter,Sales Representative,tsvi-reiter@adventureworks.com,,,15899,,,
285,716374314,Tsvi Reiter,Sales Representative,tsvi-reiter@adventureworks.com,,,15899,,,
285,716374314,Tsvi Reiter,Sales Representative,tsvi-reiter@adventureworks.com,,,15899,,,
285,716374314,Tsvi Reiter,Sales Representative,tsvi-reiter@adventureworks.com,,,15899,,,
285,716374314,Tsvi Reiter,Sales Representative,tsvi-reiter@adventureworks.com,,,15899,,,
285,716374314,Tsvi Reiter,Sales Representative,tsvi-reiter@adventureworks.com,,,15899,,,
285,716374314,Tsvi Reiter,Sales Representative,tsvi-reiter@adventureworks.com,,,15899,,,
285,716374314,Tsvi Reiter,Sales Representative,tsvi-reiter@adventureworks.com,,,15899,,,
285,716374314,Tsvi Reiter,Sales Representative,tsvi-reiter@adventureworks.com,,,15899,,,
285,716374314,Tsvi Reiter,Sales Representative,tsvi-reiter@adventureworks.com,,,15899,,,
285,716374314,Tsvi Reiter,Sales Representative,tsvi-reiter@adventureworks.com,,,15899,,,
